INSERT INTO users (username, password_hash, salt, email, xp) VALUES
('john_doe', '$2y$10$NP4Uh8X2RmjhQIe9lGE3WeK3hnmDRYUtNQhsaf7Gkru4vMkn9ThFq', '$2y$10$', 'john.doe@example.com', 100),
('jane_smith', '$2y$10$vvuV.D/Nxc73riV9U10nUOp4xo5kHoTcFdHETHQblLSKy94i/xnc6', '$2y$10$', 'jane.smith@example.com', 600),
('user3', '$2b$10$.KZ8PGhgdGvrEnTU905W/ufRNNGDU/ckf4mFcC/zZPa1UtTUuh7tS', '$2b$10$.KZ8PGhgdGvrEnTU905W/u', 'user3@example.com', 890);

INSERT INTO objectives (title, description, priority, complexity, publishedDateTime, intendedFinishDateTime, realFinishDateTime, author) VALUES
('Learn SQL', 'Master the basics of SQL', 2, 3, strftime('%s','now') * 1000, strftime('%s','now') * 1000, strftime('%s','now') * 1000, 'john_doe'),
('Complete Project X', 'Finish the project on time', 1, 5, strftime('%s','now') * 1000, strftime('%s','now') * 1000, strftime('%s','now') * 1000, 'jane_smith'),
('Exercise Regularly', 'Stay fit and healthy', 3, 2, strftime('%s','now') * 1000, strftime('%s','now') * 1000, strftime('%s','now') * 1000, 'user3'),
('Learn Python', 'Become proficient in Python programming', 3, 4, strftime('%s','now') * 1000, strftime('%s','now') * 1000, strftime('%s','now') * 1000, 'john_doe'),
('Write Research Paper', 'Complete a research paper on AI', 2, 5, strftime('%s','now') * 1000, strftime('%s','now') * 1000, strftime('%s','now') * 1000, 'jane_smith'),
('Meditate Daily', 'Practice meditation for mental clarity', 4, 2, strftime('%s','now') * 1000, strftime('%s','now') * 1000, strftime('%s','now') * 1000, 'user3'),
('Write a Novel', 'Embark on a novel-writing journey', 4, 5, strftime('%s','now') * 1000, strftime('%s','now') * 1000, NULL, 'user3');

INSERT INTO actions (title, description, importance, daysOfWeek, frequency, difficulty, intendedDuration, realDuration, comment, author, consistencyStreak, isGood, publishedDateTime, finishedDateTime, objectiveId) VALUES
('Read SQL Documentation', 'Study the official SQL documentation', 4, '{"sunday":false,"monday":true,"tuesday":false,"wednesday":true,"thursday":false,"friday":true,"saturday":false}', 3, 2, 60, 45, 'Good progress!', 'john_doe', 5, 1, (strftime('%s','now') - 172800) * 1000, strftime('%s','now') * 1000, 1),
('Meeting with Team', 'Discuss project progress with the team', 5, '{"sunday":false,"monday":false,"tuesday":true,"wednesday":false,"thursday":false,"friday":false,"saturday":false}', 1, 4, 90, 75, 'Productive meeting', 'jane_smith', 3, 1, (strftime('%s','now') - 172800) * 1000, strftime('%s','now') * 1000, 2),
('Run 5 Miles', 'Go for a long run', 3, '{"sunday":true,"monday":false,"tuesday":true,"wednesday":false,"thursday":true,"friday":false,"saturday":true}', 2, 3, 45, 45, 'Feeling great!', 'user3', 10, 1, (strftime('%s','now') - 86400) * 1000,  (strftime('%s','now') - 172800) * 1000, 3),
('Write Python Code', 'Work on Python projects for skill improvement', 4, '{"sunday":true,"monday":true,"tuesday":false,"wednesday":true,"thursday":false,"friday":true,"saturday":false}', 2, 3, 90, 75, 'Making good progress', 'john_doe', 6, 1, (strftime('%s','now') - 172800) * 1000, strftime('%s','now') * 1000, 4),
('Conduct AI Experiments', 'Perform experiments for research paper', 5, '{"sunday":false,"monday":false,"tuesday":true,"wednesday":true,"thursday":false,"friday":false,"saturday":false}', 3, 4, 120, 110, 'Getting valuable results', 'jane_smith', 4, 1, (strftime('%s','now') - 86400) * 1000, strftime('%s','now') * 1000, 5),
('Morning Meditation', 'Start the day with a 15-minute meditation', 3, '{"sunday":true,"monday":true,"tuesday":true,"wednesday":true,"thursday":true,"friday":true,"saturday":true}', 1, 1, 15, 15, 'Feeling relaxed', 'user3', 15, 1, (strftime('%s','now') - 86400) * 1000, strftime('%s','now') * 1000, 6),
('Write Blog Post', 'Create a blog post on a topic of interest', 2, '{"sunday":false,"monday":true,"tuesday":false,"wednesday":false,"thursday":true,"friday":false,"saturday":false}', 2, 2, 60, 45, 'Engaging content', 'user3', 8, 1, (strftime('%s','now') - 172800) * 1000, strftime('%s','now') * 1000, ''),
('Study Machine Learning', 'Deepen knowledge in machine learning', 4, '{"sunday":true,"monday":false,"tuesday":true,"wednesday":false,"thursday":true,"friday":false,"saturday":true}', 3, 2, 90, 75, 'Understanding concepts', 'user3', 6, 1, (strftime('%s','now') - 86400) * 1000, strftime('%s','now') * 1000, ''),
('Practice Guitar', 'Learn and practice new guitar chords', 3, '{"sunday":false,"monday":false,"tuesday":false,"wednesday":true,"thursday":false,"friday":true,"saturday":false}', 2, 1, 45, 30, 'Improving skills', 'user3', 12, 1, (strftime('%s','now') - 172800) * 1000, strftime('%s','now') * 1000, ''),
('Read a Book', 'Read a new novel', 4, '{"sunday":true,"monday":true,"tuesday":true,"wednesday":true,"thursday":true,"friday":true,"saturday":true}', 2, 2, 60, NULL, NULL, 'user3', 5, 1, (strftime('%s','now') - 86400) * 1000, NULL, ''),
('Learn a New Language', 'Start learning Spanish', 5, '{"sunday":false,"monday":false,"tuesday":true,"wednesday":false,"thursday":true,"friday":false,"saturday":false}', 3, 3, 90, 0, NULL, 'user3', 3, 1, (strftime('%s','now') - 86400) * 1000, NULL, ''),
('Cook a New Recipe', 'Try cooking a gourmet dish', 3, '{"sunday":false,"monday":true,"tuesday":false,"wednesday":true,"thursday":false,"friday":false,"saturday":false}', 2, 2, 45, NULL, 'Delicious meal!', 'user3', 8, 1, (strftime('%s','now') - 172800) * 1000, strftime('%s','now') * 1000, ''),
('Visit the Gym', 'Hit the gym for a workout session', 4, '{"sunday":true,"monday":true,"tuesday":false,"wednesday":false,"thursday":true,"friday":false,"saturday":true}', 3, 3, 75, NULL, 'Feeling energized', 'user3', 6, 1, (strftime('%s','now') - 172800) * 1000, strftime('%s','now') * 1000, ''),
('Write a Poem', 'Express your thoughts through poetry', 2, '{"sunday":false,"monday":true,"tuesday":false,"wednesday":false,"thursday":false,"friday":true,"saturday":false}', 1, 1, 30, NULL, NULL, 'user3', 5, 1, (strftime('%s','now') - 86400) * 1000, NULL, ''),
('Learn Data Science', 'Start a data science course', 4, '{"sunday":false,"monday":false,"tuesday":true,"wednesday":false,"thursday":true,"friday":false,"saturday":false}', 3, 3, 90, 0, 'Challenging but interesting', 'user3', 7, 1, (strftime('%s','now') - 86400) * 1000, NULL, ''),
('Paint a Picture', 'Create an art masterpiece', 3, '{"sunday":false,"monday":true,"tuesday":false,"wednesday":true,"thursday":false,"friday":true,"saturday":false}', 2, 2, 60, NULL, 'Vivid colors!', 'user3', 4, 1, (strftime('%s','now') - 86400) * 1000, strftime('%s','now') * 1000, ''),
('Travel to a New City', 'Explore a new destination', 5, '{"sunday":false,"monday":false,"tuesday":true,"wednesday":false,"thursday":false,"friday":false,"saturday":false}', 4, 5, 120, NULL, 'Amazing experience', 'user3', 10, 1, (strftime('%s','now') - 86400) * 1000, NULL, ''),
('Bake Homemade Bread', 'Try your hand at baking bread', 3, '{"sunday":true,"monday":true,"tuesday":true,"wednesday":true,"thursday":true,"friday":false,"saturday":false}', 2, 2, 45, NULL, 'Delicious aroma', 'user3', 9, 1, (strftime('%s','now') - 86400) * 1000, strftime('%s','now') * 1000, ''),
('Learn to Dance', 'Take dance lessons', 4, '{"sunday":true,"monday":false,"tuesday":false,"wednesday":true,"thursday":false,"friday":true,"saturday":false}', 3, 3, 90, 0, 'Groovy moves!', 'user3', 7, 1, (strftime('%s','now') - 86400) * 1000, NULL, ''),
('Take Photography Class', 'Learn the art of photography', 4, '{"sunday":false,"monday":true,"tuesday":false,"wednesday":false,"thursday":false,"friday":true,"saturday":false}', 3, 3, 90, NULL, 'Capturing moments', 'user3', 8, 1, (strftime('%s','now') - 86400) * 1000, NULL, ''),
('Plant a Vegetable Garden', 'Start a home garden', 3, '{"sunday":true,"monday":false,"tuesday":true,"wednesday":false,"thursday":false,"friday":true,"saturday":false}', 2, 2, 60, NULL, 'Green thumb!', 'user3', 6, 1, (strftime('%s','now') - 86400) * 1000, NULL, ''),
('Learn to Cook Sushi', 'Master the art of making sushi', 4, '{"sunday":false,"monday":false,"tuesday":true,"wednesday":false,"thursday":true,"friday":false,"saturday":false}', 3, 3, 90, NULL, 'Sushi chef', 'user3', 7, 1, (strftime('%s','now') - 86400) * 1000, NULL, ''),
('Write a Short Story', 'Create a captivating short story', 3, '{"sunday":false,"monday":false,"tuesday":false,"wednesday":true,"thursday":false,"friday":true,"saturday":false}', 2, 2, 60, NULL, NULL, 'user3', 5, 1, (strftime('%s','now') - 86400) * 1000, NULL, ''),
('Hike in the Wilderness', 'Explore the great outdoors', 4, '{"sunday":true,"monday":false,"tuesday":false,"wednesday":true,"thursday":false,"friday":true,"saturday":false}', 3, 3, 75, NULL, 'Nature adventure', 'user3', 6, 1, (strftime('%s','now') - 86400) * 1000, NULL, ''),
('Learn to Code in JavaScript', 'Start learning JavaScript programming', 4, '{"sunday":true,"monday":false,"tuesday":false,"wednesday":false,"thursday":true,"friday":false,"saturday":false}', 3, 3, 90, NULL, 'Coding journey', 'user3', 7, 1, (strftime('%s','now') - 86400) * 1000, NULL, ''),
('Create Digital Art', 'Explore digital art creation', 3, '{"sunday":false,"monday":true,"tuesday":false,"wednesday":false,"thursday":true,"friday":false,"saturday":false}', 2, 2, 60, NULL, 'Artistic expression', 'user3', 5, 1, (strftime('%s','now') - 86400) * 1000, NULL, ''),
('Practice Mindfulness', 'Cultivate mindfulness through meditation', 4, '{"sunday":true,"monday":true,"tuesday":true,"wednesday":true,"thursday":true,"friday":true,"saturday":true}', 2, 2, 60, NULL, 'Inner peace', 'user3', 8, 1, (strftime('%s','now') - 86400) * 1000, NULL, ''),
('Volunteer at Local Shelter', 'Give back to the community', 5, '{"sunday":false,"monday":true,"tuesday":false,"wednesday":false,"thursday":false,"friday":true,"saturday":false}', 3, 3, 90, NULL, 'Helping others', 'user3', 7, 1, (strftime('%s','now') - 86400) * 1000, NULL, ''),
('Learn to Play Chess', 'Master the game of chess', 3, '{"sunday":false,"monday":false,"tuesday":false,"wednesday":true,"thursday":false,"friday":true,"saturday":false}', 2, 2, 60, NULL, 'Strategic thinking', 'user3', 6, 1, (strftime('%s','now') - 86400) * 1000, NULL, ''),
('Complete JavaScript Project', 'Finish a JavaScript project', 4, '{"sunday":false,"monday":false,"tuesday":true,"wednesday":false,"thursday":true,"friday":false,"saturday":false}', 3, 3, 90, 75, 'Coding achievement', 'user3', 10, 1, (strftime('%s','now') - 86400) * 1000, strftime('%s','now') * 1000, 4),
('Paint a Landscape', 'Create a scenic landscape painting', 3, '{"sunday":false,"monday":false,"tuesday":false,"wednesday":true,"thursday":false,"friday":true,"saturday":false}', 2, 2, 60, 45, 'Nature-inspired art', 'user3', 8, 1, (strftime('%s','now') - 86400) * 1000, strftime('%s','now') * 1000, 5),
('Run a Half Marathon', 'Train for and run a half marathon', 5, '{"sunday":true,"monday":false,"tuesday":true,"wednesday":false,"thursday":true,"friday":false,"saturday":true}', 4, 5, 120, 110, 'Running achievement', 'user3', 12, 1, strftime('%s','now') * 1000, strftime('%s','now') * 1000, 3),
('Write a Novel', 'Embark on a novel-writing journey', 4, '{"sunday":true,"monday":true,"tuesday":true,"wednesday":true,"thursday":true,"friday":true,"saturday":true}', 5, 5, 180, 0, 'Literary masterpiece', 'user3', 20, 1, (strftime('%s','now') - 86400) * 1000, NULL, 7),
('Finish Chapter 1', 'Complete the first chapter of the book', 3, '{"sunday":false,"monday":true,"tuesday":true,"wednesday":false,"thursday":true,"friday":false,"saturday":false}', 2, 2, 60, NULL, NULL, 'user3', 4, 1, (strftime('%s','now') - 86400) * 1000, NULL, 1),
('Explore Spanish Culture', 'Immerse yourself in Spanish culture', 4, '{"sunday":false,"monday":true,"tuesday":false,"wednesday":false,"thursday":true,"friday":false,"saturday":false}', 2, 2, 60, NULL, 'Exciting discoveries', 'user3', 4, 1, (strftime('%s','now') - 86400) * 1000, NULL, 2),
('Cook Italian Cuisine', 'Learn to cook Italian dishes', 3, '{"sunday":false,"monday":true,"tuesday":false,"wednesday":true,"thursday":false,"friday":false,"saturday":false}', 2, 2, 60, NULL, 'Delicious pasta!', 'user3', 4, 1, (strftime('%s','now') - 86400) * 1000, NULL, 3),
('Achieve Fitness Milestone', 'Reach a fitness goal', 5, '{"sunday":false,"monday":false,"tuesday":true,"wednesday":false,"thursday":false,"friday":true,"saturday":false}', 3, 3, 75, NULL, 'Healthy lifestyle', 'user3', 6, 1, (strftime('%s','now') - 86400) * 1000, NULL, 4),
('Write a Sonnet', 'Compose a beautiful sonnet', 2, '{"sunday":false,"monday":true,"tuesday":false,"wednesday":false,"thursday":false,"friday":true,"saturday":false}', 1, 1, 30, NULL, NULL, 'user3', 5, 1, strftime('%s','now') * 1000, NULL, 5);
